<?xml version="1.0" encoding="UTF-8"?>
<beans xmlns="http://www.springframework.org/schema/beans"
	xmlns:xsi="http://www.w3.org/2001/XMLSchema-instance" xmlns:aop="http://www.springframework.org/schema/aop"
	xmlns:tx="http://www.springframework.org/schema/tx" xmlns:context="http://www.springframework.org/schema/context"
	xmlns:drools="http://drools.org/schema/drools-spring"
	xsi:schemaLocation="   
          http://www.springframework.org/schema/beans   
          http://www.springframework.org/schema/beans/spring-beans-3.0.xsd   
          http://www.springframework.org/schema/tx   
          http://www.springframework.org/schema/tx/spring-tx-3.0.xsd  
          http://www.springframework.org/schema/context   
          http://www.springframework.org/schema/context/spring-context-3.0.xsd   
          http://www.springframework.org/schema/aop   
          http://www.springframework.org/schema/aop/spring-aop-3.0.xsd
          http://drools.org/schema/drools-spring
          http://drools.org/schema/drools-spring.xsd" >
          
<!-- daos -->
	<bean id="accountDAO" class="edu.nju.onlineInterview.dao.AccountDAO">
		<property name="sessionFactory">
			<ref bean="sessionFactory" />
		</property>
	</bean>
	
	<bean id="studentDAO" class="edu.nju.onlineInterview.dao.StudentDAO">
		<property name="sessionFactory">
			<ref bean="sessionFactory" />
		</property>
	</bean>
	
	<bean id="recordDAO" class="edu.nju.onlineInterview.dao.RecordDAO">
		<property name="sessionFactory">
			<ref bean="sessionFactory" />
		</property>
	</bean>

</beans>
