<?xml version="1.0" encoding="UTF-8"?>
<beans xmlns="http://www.springframework.org/schema/beans"
	xmlns:xsi="http://www.w3.org/2001/XMLSchema-instance" xmlns:aop="http://www.springframework.org/schema/aop"
	xmlns:tx="http://www.springframework.org/schema/tx" xmlns:context="http://www.springframework.org/schema/context"
	xmlns:drools="http://drools.org/schema/drools-spring"
	xsi:schemaLocation="   
          http://www.springframework.org/schema/beans   
          http://www.springframework.org/schema/beans/spring-beans-3.0.xsd   
          http://www.springframework.org/schema/tx   
          http://www.springframework.org/schema/tx/spring-tx-3.0.xsd  
          http://www.springframework.org/schema/context   
          http://www.springframework.org/schema/context/spring-context-3.0.xsd   
          http://www.springframework.org/schema/aop   
          http://www.springframework.org/schema/aop/spring-aop-3.0.xsd
          http://drools.org/schema/drools-spring
          http://drools.org/schema/drools-spring.xsd" >
 
 	<import resource="spring-hibernate.xml"></import>
	<import resource="spring-dao.xml"></import>
	<import resource="spring-action.xml"></import>
	
	<bean class="org.springframework.beans.factory.annotation.AutowiredAnnotationBeanPostProcessor" />
	<bean id="accountService" class="edu.nju.onlineInterview.service.AccountService">
	</bean>
	
	<bean id="studentService" class="edu.nju.onlineInterview.service.StudentService">
	</bean>
	
	<bean id="teacherService" class="edu.nju.onlineInterview.service.TeacherService">
	</bean>
</beans>