<?xml version="1.0" encoding="UTF-8"?>
<beans xmlns="http://www.springframework.org/schema/beans"
	xmlns:xsi="http://www.w3.org/2001/XMLSchema-instance" xmlns:aop="http://www.springframework.org/schema/aop"
	xmlns:tx="http://www.springframework.org/schema/tx" xmlns:task="http://www.springframework.org/schema/task"
	xsi:schemaLocation="http://www.springframework.org/schema/beans 
		   http://www.springframework.org/schema/beans/spring-beans-3.0.xsd 
           http://www.springframework.org/schema/aop 
           http://www.springframework.org/schema/aop/spring-aop-3.0.xsd 
           http://www.springframework.org/schema/tx 
           http://www.springframework.org/schema/tx/spring-tx-3.0.xsd 
           http://www.springframework.org/schema/task http://www.springframework.org/schema/task/spring-task-3.0.xsd">
           
	<bean id="studentLoginAction" class="edu.nju.onlineInterview.action.StudentLoginAction">
	</bean>
	
	<bean id="studentSignupAction" class="edu.nju.onlineInterview.action.StudentSignupAction">
	</bean>
	
	<bean id="indexAction" class="edu.nju.onlineInterview.action.IndexAction">
	</bean>
	
	<bean id="teacherCheckAction" class="edu.nju.onlineInterview.action.TeacherCheckAction">
	</bean>
	
	<bean id="adminLoginAction" class="edu.nju.onlineInterview.action.AdminLoginAction">
	</bean>
</beans>         