<?xml version="1.0" encoding="UTF-8" ?>
<!DOCTYPE struts PUBLIC
	"-//Apache Software Foundation//DTD Struts Configuration 2.1.7//EN"
	"http://struts.apache.org/dtds/struts-2.1.7.dtd">
<struts>
	<package name="struts2-admin" extends="struts-default" namespace="/admin">
		<action name="adminLogin" class="adminLoginAction">
			<result name="success" type="chain">adminIndex</result>
			<result name="error" type="redirect">/admin/login.jsp</result>
		</action>
		
		<action name="adminIndex" class="indexAction">
			<result name="success">/admin/index.jsp</result>
		</action>
		
		<action name="adminLogout" class="studentLoginAction" method="logOut">
			<result name="success" type="chain">adminIndex</result>
		</action>
		
	</package>
</struts>